pair_id,cgi35_identity,label_gold
Api g 1|Gly m 4,-1.0,1
Gly m 4|Gly m 5,-1.0,1
Api g 1|Mal d 3,-1.0,1
Mal d 1|Pru p 1,86.9,1
Api g 1|Mal d 4,-1.0,1
Cor a 1|Gly m 5,-1.0,1
Api g 1|Cor a 9,-1.0,1
Bet v 1|Bet v 2,-1.0,1
Api g 1|Mal d 1,-1.0,1
Cor a 1|Cor a 9,-1.0,1
Gly m 4|Mal d 3,-1.0,1
Cor a 1|Mal d 1,-1.0,1
Ara h 8|Cor a 1,53.1,1
Bet v 1|Phl p 1,-1.0,1
Bet v 1|Phl p 5,-1.0,1
Bet v 1|Gly m 4,55.6,1
Api g 1|Api g 4,-1.0,1
Api g 1|Gly m 3,-1.0,1
Bet v 1|Ves v 3,-1.0,1
Bet v 1|Pru p 1,-1.0,1
Api g 1|Api m 5,-1.0,1
Api g 1|Ara h 9,-1.0,1
Api g 1|Cor a 1,-1.0,1
Aln g 1|Bet v 1,83.8,1
Gly m 4|Mal d 1,-1.0,1
Bet v 1|Phl p 7,-1.0,1
Api g 1|Ara h 2,-1.0,1
Api g 1|Ves v 3,-1.0,1
Api g 1|Bet v 1,-1.0,1
Cor a 1|Gly m 4,58.2,1
Api g 1|Cor a 2,-1.0,1
Bet v 1|Par j 2,-1.0,1
Pru p 1|Ves v 3,-1.0,1
Api m 5|Ves v 5,-1.0,1
Pol d 2|Pol d 5,-1.0,1
Api m 5|Pol d 3,-1.0,1
Phl p 1|Phl p 7,-1.0,1
Ves v 2|Ves v 6,-1.0,1
Bla g 1|Bla g 9,-1.0,1
Ani s 7|Ani s 8,-1.0,1
Api m 2|Pol d 3,-1.0,1
Der p 8|Per a 5,19.4,1
Blo t 8|Per a 5,26.1,1
Cit s 7|Cup s 7,61.1,1
Pol d 3|Ves v 3,-1.0,1
Pol d 5|Tab y 5,26.9,1
Pru m 7|Pru p 7,-1.0,1
Api m 12|Api m 2,-1.0,1
Hev b 2|Hev b 5,-1.0,1
Ves v 1|Ves v 2,-1.0,1
Bla g 3|Bla g 6,-1.0,1
Ves v 2|Ves v 5,-1.0,1
Ani s 12|Ani s 9,-1.0,1
Api m 12|Ves v 2,-1.0,1
Der f 2|Der p 1,-1.0,1
Amb a 4|Amb a 6,-1.0,1
Ani s 1|Ani s 4,-1.0,1
Api m 5|Ves v 2,-1.0,1
Ani s 5|Ani s 9,35.4,1
Api m 12|Api m 5,-1.0,1
Amb a 10|Amb a 4,-1.0,1
Pol d 2|Ves v 5,-1.0,1
Ani s 2|Ani s 3,23.8,1
Ani s 10|Ani s 9,-1.0,1
Ani s 6|Ani s 8,-1.0,1
Bla g 2|Bla g 7,-1.0,1
Pol d 3|Ves v 5,-1.0,1
Api m 1|Api m 4,-1.0,1
Pol d 3|Ves v 2,-1.0,1
Ani s 1|Ani s 3,-1.0,1
Hev b 2|Mus a 5,56.7,1
Amb a 4|Amb a 9,-1.0,1
Ani s 11|Ani s 9,-1.0,1
Gly d 2|Per a 7,-1.0,1
Cry j 7|Jun a 7,-1.0,1
Api m 10|Pol d 3,-1.0,1
Api m 5|Ves v 3,53.9,1
Amb a 4|Amb a 8,-1.0,1
Api m 5|Bet v 1,-1.0,1
Bla g 2|Bla g 5,-1.0,1
Jun a 7|Pun g 7,-1.0,1
Amb a 10|Amb a 6,-1.0,1
Pol d 5|Ves v 1,-1.0,1
Bla g 6|Per a 6,90.7,1
Pol d 2|Ves v 2,-1.0,1
Ani s 10|Ani s 12,-1.0,1
Bla g 5|Bla g 9,-1.0,1
Pol d 1|Pol d 3,-1.0,1
Bla g 5|Bla g 7,-1.0,1
Api m 12|Ves v 3,-1.0,1
Ani s 11|Ani s 8,-1.0,1
Amb a 10|Amb a 9,-1.0,1
Bla g 2|Per a 7,-1.0,1
Ani s 6|Ani s 7,-1.0,1
Ani s 1|Ani s 2,-1.0,1
Cit s 7|Pru p 7,87.3,1
Art v 1|Phl p 5,-1.0,1
Api m 2|Ves v 3,-1.0,1
Cup s 7|Pru p 7,63.9,1
Ani s 7|Ani s 9,-1.0,1
Ani s 6|Ani s 9,-1.0,1
Ani s 2|Ani s 6,-1.0,1
Api m 2|Ves v 2,54.3,1
Cit s 7|Cry j 7,71.2,1
Pol d 1|Ves v 1,54.4,1
Amb a 10|Amb a 8,-1.0,1
Ani s 11|Ani s 12,-1.0,1
Bla g 1|Bla g 2,-1.0,1
Ani s 13|Ani s 14,-1.0,1
Act d 1|Gad c 1,-1.0,1
Ani s 2|Ani s 4,-1.0,1
Ves v 3|Ves v 6,-1.0,1
Cry j 7|Cup s 7,-1.0,1
Can f 6|Fel d 4,69.5,1
Api m 5|Ves v 6,-1.0,1
Ves v 1|Ves v 3,-1.0,1
Bla g 6|Bla g 8,28.3,1
Bla g 2|Bla g 4,-1.0,1
Pol d 2|Ves v 3,-1.0,1
Cap a 7|Cry j 7,-1.0,1
Amb a 1|Art v 1,-1.0,1
Pol d 5|Ves v 3,-1.0,1
Api m 5|Pol d 1,-1.0,1
Jun a 7|Pru p 7,71.2,1
Ani s 10|Ani s 8,-1.0,1
Cap a 7|Pun g 7,-1.0,1
Hev b 5|Mus a 5,-1.0,1
Pol d 5|Sco m 5,39.8,1
Cap a 7|Pru p 7,-1.0,1
Pol d 2|Pol d 3,-1.0,1
Ani s 1|Ani s 7,-1.0,1
Phl p 1|Phl p 12,-1.0,1
Gly d 2|Pen m 2,-1.0,1
Ani s 8|Ani s 9,34.2,1
Cup s 7|Jun a 7,-1.0,1
Api m 5|Pol d 5,-1.0,1
Api m 1|Api m 10,-1.0,1
Pol d 3|Pol d 5,-1.0,1
Pol d 5|Ves v 5,57.6,1
Bla g 3|Bla g 8,-1.0,1
Tab y 5|Ves v 5,24.9,1
Ani s 1|Ani s 5,-1.0,1
Cit s 7|Pun g 7,85.0,1
Pol d 3|Ves v 1,-1.0,1
Sco m 5|Tab y 5,-1.0,1
Jun a 7|Pru m 7,-1.0,1
Che a 1|Pla l 1,-1.0,1
Ani s 12|Ani s 8,-1.0,1
Bla g 4|Per a 7,-1.0,1
Der f 2|Der p 2,88.4,1
Phl p 1|Phl p 5,-1.0,1
Cit s 7|Pru m 7,-1.0,1
Che a 1|Ole e 1,39.0,1
Bla g 4|Bla g 9,-1.0,1
Bla g 5|Per a 7,-1.0,1
Cup s 7|Pru m 7,-1.0,1
Per a 11|Per a 20,-1.0,1
Cry j 7|Pun g 7,56.3,1
Cap a 7|Jun a 7,-1.0,1
Bet v 4|Phl p 12,-1.0,1
Pru p 7|Pun g 7,85.0,1
Api m 12|Ves v 6,40.0,1
Bla g 1|Bla g 4,-1.0,1
Fra e 1|Ole e 1,91.0,1
Blo t 2|Der p 2,-1.0,1
Ani s 5|Ani s 7,-1.0,1
Api m 10|Api m 4,-1.0,1
Bla g 1|Bla g 5,-1.0,1
Tri a 20|Tri a 27,-1.0,1
Ani s 11|Ani s 7,-1.0,1
Bla g 2|Bla g 9,-1.0,1
Ves v 1|Ves v 5,-1.0,1
Api m 5|Pru p 1,-1.0,1
Bla g 4|Bla g 5,-1.0,1
Api m 2|Api m 5,-1.0,1
Art v 1|Bet v 1,-1.0,1
Der p 10|Per a 7,-1.0,1
Ani s 3|Ani s 9,-1.0,1
Ani s 3|Pen m 1,-1.0,1
Per a 7|Per a 9,-1.0,1
Bla g 7|Pen m 1,-1.0,1
Bla g 7|Bla g 9,-1.0,1
Ani s 3|Ani s 8,-1.0,1
Der p 10|Pen m 1,-1.0,1
Blo t 10|Der p 10,94.4,1
Der p 10|Pen a 1,-1.0,1
Bla g 7|Der p 10,-1.0,1
Ani s 3|Ani s 7,-1.0,1
Ani s 3|Ani s 6,-1.0,1
Der f 10|Der p 10,98.2,1
Blo t 10|Pen m 1,-1.0,1
Ani s 3|Ani s 5,-1.0,1
Ani s 3|Der p 10,73.6,1
Ara h 2|Gly m 8,37.3,1
Ara h 2|Mal d 1,-1.0,1
Ara h 1|Gly m 8,-1.0,1
Ara h 3|Gly m 5,-1.0,1
Gly m 5|Mal d 1,-1.0,1
Ara h 2|Ara h 6,60.1,1
Bos d 6|Bos d 7,-1.0,1
Cor a 9|Gly m 5,-1.0,1
Cor a 9|Gly m 4,-1.0,1
Ara h 2|Ara h 3,-1.0,1
Ara h 1|Ara h 2,-1.0,1
Ara h 2|Cor a 1,-1.0,1
Ara h 1|Mal d 1,-1.0,1
Ara h 1|Gly m 6,-1.0,1
Ara h 2|Gly m 5,-1.0,1
Ara h 3|Gly m 6,58.5,1
Ara h 2|Cor a 9,-1.0,1
Gly m 6|Gly m 8,-1.0,1
Ara h 3|Gly m 8,-1.0,1
Gly m 5|Gly m 6,-1.0,1
Ara h 1|Gly m 5,-1.0,1
Cor a 8|Mal d 3,60.4,1
Par j 2|Pru p 3,-1.0,1
Par j 2|Pla a 3,39.4,1
Ara h 9|Tri a 14,45.1,1
Cor a 8|Gly m 4,-1.0,1
Ara h 9|Mal d 3,61.4,1
Pru p 3|Tri a 14,-1.0,1
Mal d 3|Pru p 3,80.2,1
Ara h 9|Cor a 8,-1.0,1
Ara h 9|Gly m 4,-1.0,1
Pla a 3|Pru p 3,-1.0,1
Par j 2|Phl p 7,-1.0,1
Amb a 6|Amb a 9,-1.0,1
Amb a 6|Art v 3,-1.0,1
Art v 3|Pla a 3,-1.0,1
Amb a 6|Amb a 8,-1.0,1
Art v 3|Par j 2,-1.0,1
Art v 3|Pru p 3,-1.0,1
Cor a 2|Mal d 4,87.0,1
Lit c 1|Pru p 4,-1.0,1
Api g 4|Gly m 4,-1.0,1
Cor a 2|Gly m 3,-1.0,1
Ara h 5|Man i 4,-1.0,1
Mal d 4|Pyr c 4,98.5,1
Cor a 2|Pru p 4,87.8,1
Api g 4|Ara h 9,-1.0,1
Phl p 12|Phl p 5,-1.0,1
Ara h 5|Pru p 4,-1.0,1
Mal d 4|Mus a 1,83.2,1
Amb a 8|Amb a 9,-1.0,1
Bet v 2|Par j 2,-1.0,1
Bet v 2|Phl p 12,-1.0,1
Lit c 1|Pyr c 4,84.7,1
Mus a 1|Pyr c 4,84.0,1
Pru p 4|Pyr c 4,86.3,1
Lit c 1|Mus a 1,85.5,1
Ara h 5|Cor a 2,82.4,1
Dau c 4|Mal d 4,82.8,1
Api g 4|Mal d 4,-1.0,1
Art v 4|Bet v 4,-1.0,1
Art v 4|Phl p 12,-1.0,1
Cor a 2|Lit c 1,-1.0,1
Art v 4|Bet v 2,-1.0,1
Gly m 3|Gly m 4,-1.0,1
Man i 4|Pru p 4,-1.0,1
Gly m 3|Mal d 3,-1.0,1
Bet v 2|Phl p 7,-1.0,1
Mus a 1|Mus a 2,-1.0,1
Dau c 4|Pyr c 4,-1.0,1
Api g 4|Cor a 2,82.1,1
Gly m 3|Mal d 4,-1.0,1
Mus a 1|Mus a 5,-1.0,1
Cor a 2|Man i 4,-1.0,1
Ara h 5|Mal d 4,-1.0,1
Lit c 1|Man i 4,-1.0,1
Ara h 5|Lit c 1,-1.0,1
Api g 4|Mal d 3,-1.0,1
Phl p 12|Phl p 7,-1.0,1
Dau c 4|Mus a 1,-1.0,1
Mus a 2|Mus a 5,-1.0,1
Ani s 4|Ani s 7,-1.0,1
Ani s 4|Ani s 6,-1.0,1
Der f 1|Der f 2,-1.0,1
Der p 1|Der p 2,-1.0,1
Ani s 4|Ani s 8,-1.0,1
Ani s 4|Ani s 5,-1.0,1
Bla g 9|Der p 10,-1.0,1
Bla g 9|Der p 20,-1.0,1
Der p 20|Per a 7,-1.0,1
Pen m 2|Per a 7,-1.0,1
